,ticker,Preco_Real,Preco_catboost,Diferenca
0,MSRO3,"R$ 702,50","R$ 240,82","R$ 461,68"
1,MOSI3,"R$ 8,24","R$ 112,89","R$ 104,65"
2,EEEL4,"R$ 410,00","R$ 309,14","R$ 100,86"
3,AZUL4,"R$ 13,32","R$ 86,84","R$ 73,52"
4,GUAR4,"R$ 151,00","R$ 94,28","R$ 56,72"
5,BSEV3,"R$ 9,00","R$ 58,90","R$ 49,90"
6,PRNR3,"R$ 11,68","R$ 57,21","R$ 45,53"
7,PGMN3,"R$ 2,80","R$ 46,21","R$ 43,41"
8,HAPV3,"R$ 3,82","R$ 46,07","R$ 42,25"
9,CASN3,"R$ 9,61","R$ 51,60","R$ 41,99"
10,SPRI3,"R$ 21,72","R$ 61,61","R$ 39,89"
11,MNPR3,"R$ 19,50","R$ 58,75","R$ 39,25"
12,GPAR3,"R$ 42,77","R$ 78,94","R$ 36,17"
13,MNDL3,"R$ 41,00","R$ 76,63","R$ 35,63"
14,CASN4,"R$ 8,37","R$ 43,45","R$ 35,08"
15,SPRI6,"R$ 11,00","R$ 45,51","R$ 34,51"
16,NINJ3,"R$ 5,16","R$ 36,38","R$ 31,22"
17,SPRI5,"R$ 8,52","R$ 39,73","R$ 31,21"
18,FNCN3,"R$ 14,25","R$ 43,72","R$ 29,47"
19,ELET5,"R$ 99,00","R$ 73,99","R$ 25,01"
20,ENMT3,"R$ 80,00","R$ 55,42","R$ 24,58"
21,AVLL3,"R$ 4,10","R$ 26,66","R$ 22,56"
22,ENMT4,"R$ 78,50","R$ 56,50","R$ 22,00"
23,LCAM3,"R$ 24,15","R$ 45,86","R$ 21,71"
24,ITEC3,"R$ 40,10","R$ 59,74","R$ 19,64"
25,CXSE3,"R$ 16,12","R$ 35,69","R$ 19,57"
26,SNSY3,"R$ 10,40","R$ 29,85","R$ 19,45"
27,NORD3,"R$ 9,42","R$ 28,82","R$ 19,40"
28,MMAQ3,"R$ 0,00","R$ 19,08","R$ 19,08"
29,CTSA8,"R$ 0,00","R$ 18,79","R$ 18,79"
30,SNSY5,"R$ 6,05","R$ 24,06","R$ 18,01"
31,QGEP3,"R$ 14,54","R$ 31,83","R$ 17,29"
32,SBSP3,"R$ 75,96","R$ 93,18","R$ 17,22"
33,BPAT33,"R$ 44,05","R$ 58,78","R$ 14,73"
34,RSUL4,"R$ 83,98","R$ 69,66","R$ 14,32"
35,SNSY6,"R$ 13,33","R$ 27,24","R$ 13,91"
36,BNBR3,"R$ 114,00","R$ 100,21","R$ 13,79"
37,HAGA3,"R$ 2,92","R$ 15,34","R$ 12,42"
38,ALOS3,"R$ 24,66","R$ 36,96","R$ 12,30"
39,LHER3,"R$ 0,00","R$ 12,13","R$ 12,13"
40,LHER4,"R$ 0,00","R$ 12,13","R$ 12,13"
41,CATA4,"R$ 0,00","R$ 11,95","R$ 11,95"
42,BPAR3,"R$ 182,07","R$ 170,69","R$ 11,38"
43,IGSN3,"R$ 0,00","R$ 11,24","R$ 11,24"
44,PFRM3,"R$ 5,22","R$ 16,44","R$ 11,22"
45,MYPK3,"R$ 13,74","R$ 24,68","R$ 10,94"
46,MPLU3,"R$ 26,80","R$ 37,53","R$ 10,73"
47,BALM4,"R$ 9,80","R$ 20,43","R$ 10,63"
48,POMO3,"R$ 5,75","R$ 16,35","R$ 10,60"
49,BOBR3,"R$ 0,00","R$ -10,12","R$ 10,12"
50,BALM3,"R$ 10,25","R$ 20,17","R$ 9,92"
51,VSPT3,"R$ 4,99","R$ 14,80","R$ 9,81"
52,ENMA3B,"R$ 50,49","R$ 60,16","R$ 9,67"
53,BAUH4,"R$ 78,80","R$ 88,11","R$ 9,31"
54,FHER3,"R$ 5,74","R$ -3,53","R$ 9,27"
55,SANB4,"R$ 15,11","R$ 24,01","R$ 8,90"
56,CEEB6,"R$ 60,68","R$ 51,79","R$ 8,89"
57,BRML3,"R$ 8,26","R$ 16,94","R$ 8,68"
58,ARZZ3,"R$ 59,03","R$ 50,44","R$ 8,59"
59,PATI3,"R$ 27,70","R$ 36,25","R$ 8,55"
60,SMFT3,"R$ 25,22","R$ 16,77","R$ 8,45"
61,ORVR3,"R$ 38,67","R$ 30,23","R$ 8,44"
62,ALPA3,"R$ 10,31","R$ 18,71","R$ 8,40"
63,FRIO3,"R$ 296,65","R$ 288,38","R$ 8,27"
64,SQIA3,"R$ 27,37","R$ 19,13","R$ 8,24"
65,CLSC4,"R$ 67,50","R$ 59,34","R$ 8,16"
66,ODPV3,"R$ 12,73","R$ 20,82","R$ 8,09"
67,IGTA3,"R$ 33,00","R$ 40,95","R$ 7,95"
68,COGN3,"R$ 2,50","R$ 10,26","R$ 7,76"
69,MDIA3,"R$ 41,04","R$ 33,49","R$ 7,55"
70,WEGE3,"R$ 38,00","R$ 30,57","R$ 7,43"
71,NTCO3,"R$ 18,15","R$ 25,47","R$ 7,32"
72,RSUL3,"R$ 0,00","R$ 7,16","R$ 7,16"
73,CGAS5,"R$ 113,98","R$ 106,87","R$ 7,11"
74,TUPY3,"R$ 26,77","R$ 19,74","R$ 7,03"
75,GOLL4,"R$ 1,77","R$ 8,77","R$ 7,00"
76,APTI4,"R$ 3.500,00","R$ 3.493,20","R$ 6,80"
77,COCE6,"R$ 19,17","R$ 25,97","R$ 6,80"
78,SOND3,"R$ 46,01","R$ 52,75","R$ 6,74"
79,CEAB3,"R$ 9,44","R$ 2,77","R$ 6,67"
80,MODL3,"R$ 3,08","R$ -3,59","R$ 6,67"
81,KEPL3,"R$ 10,20","R$ 16,84","R$ 6,64"
82,CSED3,"R$ 4,60","R$ -2,02","R$ 6,62"
83,SBFG3,"R$ 12,67","R$ 6,12","R$ 6,55"
84,TRAD3,"R$ 0,83","R$ 7,21","R$ 6,38"
85,BRAP3,"R$ 18,58","R$ 24,92","R$ 6,34"
86,POMO4,"R$ 7,18","R$ 13,47","R$ 6,29"
87,TCSA3,"R$ 2,81","R$ 9,09","R$ 6,28"
88,EEEL3,"R$ 294,77","R$ 301,01","R$ 6,24"
89,TAEE11,"R$ 35,50","R$ 29,40","R$ 6,10"
90,BLUT4,"R$ 1,52","R$ 7,59","R$ 6,07"
91,UCAS3,"R$ 2,57","R$ -3,45","R$ 6,02"
92,GMAT3,"R$ 8,06","R$ 14,06","R$ 6,00"
93,CATA3,"R$ 103,61","R$ 97,75","R$ 5,86"
94,BRSR5,"R$ 18,40","R$ 24,26","R$ 5,86"
95,BRGE7,"R$ 13,07","R$ 18,79","R$ 5,72"
96,QUAL3,"R$ 2,24","R$ -3,47","R$ 5,71"
97,RDNI3,"R$ 4,05","R$ -1,59","R$ 5,64"
98,QVQP3B,"R$ 0,00","R$ -5,57","R$ 5,57"
99,MBLY3,"R$ 2,10","R$ 7,65","R$ 5,55"
100,TRIS3,"R$ 5,30","R$ 10,80","R$ 5,50"
101,CSAB3,"R$ 30,50","R$ 35,99","R$ 5,49"
102,DXCO3,"R$ 8,00","R$ 13,48","R$ 5,48"
103,MWET4,"R$ 5,60","R$ 11,05","R$ 5,45"
104,CEGR3,"R$ 68,00","R$ 62,56","R$ 5,44"
105,VSPT4,"R$ 0,00","R$ 5,36","R$ 5,36"
106,G2DI33,"R$ 1,96","R$ -3,39","R$ 5,35"
107,EMAE4,"R$ 75,90","R$ 81,24","R$ 5,34"
108,POSI3,"R$ 7,90","R$ 2,64","R$ 5,26"
109,INNT3,"R$ 0,00","R$ -5,26","R$ 5,26"
110,GBIO33,"R$ 10,40","R$ 15,60","R$ 5,20"
111,BIOM3,"R$ 9,11","R$ 4,01","R$ 5,10"
112,SHOW3,"R$ 2,13","R$ -2,96","R$ 5,09"
113,GETT11,"R$ 4,81","R$ 9,87","R$ 5,06"
114,REDE3,"R$ 7,43","R$ 12,49","R$ 5,06"
115,ENMA6B,"R$ 83,99","R$ 78,95","R$ 5,04"
116,JOPA3,"R$ 21,20","R$ 26,20","R$ 5,00"
117,SHUL4,"R$ 6,69","R$ 11,66","R$ 4,97"
118,GRAO3,"R$ 0,00","R$ 4,95","R$ 4,95"
119,LOGN3,"R$ 37,90","R$ 33,04","R$ 4,86"
120,DTCY3,"R$ 5,63","R$ 10,48","R$ 4,85"
121,VITT3,"R$ 7,45","R$ 2,64","R$ 4,81"
122,ASAI3,"R$ 14,63","R$ 19,44","R$ 4,81"
123,AALR3,"R$ 7,09","R$ 2,33","R$ 4,76"
124,ECOR3,"R$ 8,89","R$ 13,65","R$ 4,76"
125,LUXM3,"R$ 0,00","R$ -4,68","R$ 4,68"
126,HETA4,"R$ 6,52","R$ 11,16","R$ 4,64"
127,CTKA4,"R$ 18,30","R$ 13,73","R$ 4,57"
128,VVAR4,"R$ 95,68","R$ 91,12","R$ 4,56"
129,SEDU3,"R$ 23,80","R$ 28,36","R$ 4,56"
130,OIBR4,"R$ 1,83","R$ 6,36","R$ 4,53"
131,MTSA4,"R$ 49,08","R$ 53,60","R$ 4,52"
132,GGPS3,"R$ 18,63","R$ 14,11","R$ 4,52"
133,BRAP4,"R$ 19,50","R$ 24,00","R$ 4,50"
134,MAGG3,"R$ 59,40","R$ 54,90","R$ 4,50"
135,MRFG3,"R$ 9,99","R$ 14,43","R$ 4,44"
136,MGLU3,"R$ 1,97","R$ -2,42","R$ 4,39"
137,CBEE3,"R$ 12,00","R$ 16,36","R$ 4,36"
138,CREM3,"R$ 14,50","R$ 10,17","R$ 4,33"
139,FESA3,"R$ 14,44","R$ 18,76","R$ 4,32"
140,VVAR11,"R$ 14,58","R$ 18,89","R$ 4,31"
141,MTIG4,"R$ 23,00","R$ 18,74","R$ 4,26"
142,CPLE11,"R$ 50,12","R$ 45,88","R$ 4,24"
143,ENGI11,"R$ 47,95","R$ 43,72","R$ 4,23"
144,BPHA3,"R$ 0,62","R$ 4,84","R$ 4,22"
145,CEPE3,"R$ 125,26","R$ 121,05","R$ 4,21"
146,ETER3,"R$ 7,04","R$ 2,86","R$ 4,18"
147,PDTC3,"R$ 2,66","R$ -1,50","R$ 4,16"
148,WLMM3,"R$ 22,81","R$ 26,97","R$ 4,16"
149,JBSS3,"R$ 23,00","R$ 18,88","R$ 4,12"
150,BRGE6,"R$ 13,29","R$ 9,19","R$ 4,10"
151,PNVL3,"R$ 11,93","R$ 7,83","R$ 4,10"
152,CTSA4,"R$ 1,61","R$ 5,70","R$ 4,09"
153,AMAR3,"R$ 2,26","R$ -1,83","R$ 4,09"
154,FIBR3,"R$ 66,30","R$ 62,23","R$ 4,07"
155,MSPA3,"R$ 43,00","R$ 47,06","R$ 4,06"
156,ALPK3,"R$ 4,61","R$ 8,66","R$ 4,05"
157,DESK3,"R$ 13,86","R$ 9,87","R$ 3,99"
158,GFSA3,"R$ 10,98","R$ 14,96","R$ 3,98"
159,ALPA4,"R$ 9,54","R$ 5,58","R$ 3,96"
160,FTRT3B,"R$ 0,00","R$ -3,93","R$ 3,93"
161,CBAV3,"R$ 4,00","R$ 0,08","R$ 3,92"
162,HAGA4,"R$ 1,18","R$ 5,07","R$ 3,89"
163,SRNA3,"R$ 9,20","R$ 13,08","R$ 3,88"
164,OIBR3,"R$ 0,74","R$ 4,61","R$ 3,87"
165,LOGG3,"R$ 22,17","R$ 26,03","R$ 3,86"
166,MMAQ4,"R$ 49,73","R$ 45,87","R$ 3,86"
167,BRGE8,"R$ 13,17","R$ 17,02","R$ 3,85"
168,JOPA4,"R$ 35,00","R$ 31,16","R$ 3,84"
169,BEEF11,"R$ 3,62","R$ 7,45","R$ 3,83"
170,CTSA3,"R$ 3,06","R$ 6,84","R$ 3,78"
171,LVTC3,"R$ 3,75","R$ 7,52","R$ 3,77"
172,STTR3,"R$ 0,00","R$ -3,76","R$ 3,76"
173,CRPG5,"R$ 34,99","R$ 31,24","R$ 3,75"
174,EMAE3,"R$ 25,35","R$ 29,07","R$ 3,72"
175,ELEK3,"R$ 19,11","R$ 22,82","R$ 3,71"
176,TXRX4,"R$ 2,59","R$ 6,30","R$ 3,71"
177,ZAMP3,"R$ 3,62","R$ 7,32","R$ 3,70"
178,CASH3,"R$ 7,87","R$ 4,20","R$ 3,67"
179,ANIM3,"R$ 4,92","R$ 8,59","R$ 3,67"
180,OPCT3,"R$ 5,90","R$ 2,25","R$ 3,65"
181,B3SA3,"R$ 12,29","R$ 15,93","R$ 3,64"
182,BGIP4,"R$ 24,24","R$ 20,63","R$ 3,61"
183,TEKA3,"R$ 50,00","R$ 46,42","R$ 3,58"
184,QUSW3,"R$ 0,00","R$ -3,57","R$ 3,57"
185,TPIS3,"R$ 3,84","R$ 0,27","R$ 3,57"
186,CSRN6,"R$ 25,35","R$ 28,89","R$ 3,54"
187,BRGE3,"R$ 13,50","R$ 10,02","R$ 3,48"
188,SANB3,"R$ 13,41","R$ 9,93","R$ 3,48"
189,PDGR3,"R$ 0,30","R$ 3,77","R$ 3,47"
190,BRKM3,"R$ 21,50","R$ 18,04","R$ 3,46"
191,UNIP6,"R$ 67,03","R$ 63,58","R$ 3,45"
192,IGTI3,"R$ 3,34","R$ -0,10","R$ 3,44"
193,TESA3,"R$ 48,00","R$ 44,59","R$ 3,41"
194,BRGE5,"R$ 13,18","R$ 9,79","R$ 3,39"
195,PLPL3,"R$ 13,58","R$ 10,20","R$ 3,38"
196,DIRR3,"R$ 25,00","R$ 21,64","R$ 3,36"
197,OMGE3,"R$ 27,57","R$ 30,93","R$ 3,36"
198,WHRL4,"R$ 4,60","R$ 1,26","R$ 3,34"
199,FIQE3,"R$ 4,13","R$ 0,79","R$ 3,34"
200,BEES3,"R$ 9,00","R$ 5,68","R$ 3,32"
201,GUAR3,"R$ 7,09","R$ 3,78","R$ 3,31"
202,BRBI11,"R$ 16,60","R$ 13,31","R$ 3,29"
203,BRGE11,"R$ 14,00","R$ 10,73","R$ 3,27"
204,CRPG3,"R$ 37,29","R$ 40,56","R$ 3,27"
205,MELK3,"R$ 4,58","R$ 7,84","R$ 3,26"
206,ODER4,"R$ 98,91","R$ 95,67","R$ 3,24"
207,MRSA5B,"R$ 23,06","R$ 26,30","R$ 3,24"
208,VLID3,"R$ 18,31","R$ 15,09","R$ 3,22"
209,CCXC3,"R$ 1,16","R$ 4,31","R$ 3,15"
210,NGRD3,"R$ 1,09","R$ -2,04","R$ 3,13"
211,BIDI11,"R$ 10,40","R$ 13,52","R$ 3,12"
212,INTB3,"R$ 21,28","R$ 18,16","R$ 3,12"
213,CRIV3,"R$ 6,96","R$ 10,07","R$ 3,11"
214,AHEB6,"R$ 17,02","R$ 13,96","R$ 3,06"
215,BBSE3,"R$ 33,29","R$ 36,33","R$ 3,04"
216,EZTC3,"R$ 16,95","R$ 19,98","R$ 3,03"
217,WIZC3,"R$ 6,36","R$ 3,36","R$ 3,00"
218,MSPA4,"R$ 37,00","R$ 39,99","R$ 2,99"
219,BDLL3,"R$ 13,00","R$ 10,04","R$ 2,96"
220,BGIP3,"R$ 27,40","R$ 30,35","R$ 2,95"
221,RAIL3,"R$ 21,90","R$ 24,84","R$ 2,94"
222,APTI3,"R$ 197,64","R$ 200,56","R$ 2,92"
223,AHEB5,"R$ 16,61","R$ 13,69","R$ 2,92"
224,IGTI4,"R$ 9,68","R$ 12,59","R$ 2,91"
225,ADHM3,"R$ 1,56","R$ 4,47","R$ 2,91"
226,AESB3,"R$ 10,32","R$ 7,42","R$ 2,90"
227,VSTE3,"R$ 14,10","R$ 11,21","R$ 2,89"
228,MGEL4,"R$ 14,30","R$ 17,17","R$ 2,87"
229,HETA3,"R$ 96,00","R$ 93,14","R$ 2,86"
230,BRGE12,"R$ 13,59","R$ 10,73","R$ 2,86"
231,BRKM5,"R$ 21,56","R$ 18,71","R$ 2,85"
232,ESPA3,"R$ 1,07","R$ -1,76","R$ 2,83"
233,TOTS3,"R$ 30,99","R$ 28,16","R$ 2,83"
234,CLSA3,"R$ 3,90","R$ 1,09","R$ 2,81"
235,RECV3,"R$ 22,81","R$ 20,00","R$ 2,81"
236,CMIG4,"R$ 11,30","R$ 14,10","R$ 2,80"
237,PEAB4,"R$ 46,00","R$ 43,23","R$ 2,77"
238,PETR4,"R$ 36,10","R$ 38,86","R$ 2,76"
239,CEPE5,"R$ 40,12","R$ 42,87","R$ 2,75"
240,MRVE3,"R$ 8,19","R$ 10,93","R$ 2,74"
241,HOOT3,"R$ 0,00","R$ -2,73","R$ 2,73"
242,RRRP3,"R$ 29,15","R$ 26,42","R$ 2,73"
243,TELB3,"R$ 14,19","R$ 11,47","R$ 2,72"
244,LEVE3,"R$ 32,40","R$ 35,11","R$ 2,71"
245,MAPT3,"R$ 7,79","R$ 5,10","R$ 2,69"
246,SAPR11,"R$ 25,89","R$ 23,20","R$ 2,69"
247,NEXP3,"R$ 4,69","R$ 7,30","R$ 2,61"
248,SMTO3,"R$ 27,32","R$ 24,71","R$ 2,61"
249,SHUL3,"R$ 111,89","R$ 109,28","R$ 2,61"
250,PINE4,"R$ 4,59","R$ 1,99","R$ 2,60"
251,PINE3,"R$ 6,40","R$ 3,80","R$ 2,60"
252,IRBR3,"R$ 39,05","R$ 36,45","R$ 2,60"
253,MDNE3,"R$ 12,46","R$ 9,87","R$ 2,59"
254,LIGT3,"R$ 5,10","R$ 2,51","R$ 2,59"
255,KLBN11,"R$ 23,30","R$ 25,87","R$ 2,57"
256,PTBL3,"R$ 6,47","R$ 9,03","R$ 2,56"
257,INEP3,"R$ 2,93","R$ 0,37","R$ 2,56"
258,GRND3,"R$ 6,37","R$ 3,81","R$ 2,56"
259,LUXM4,"R$ 15,79","R$ 18,34","R$ 2,55"
260,TTEN3,"R$ 10,60","R$ 8,06","R$ 2,54"
261,AGRO3,"R$ 23,70","R$ 26,23","R$ 2,53"
262,PPAR3,"R$ 14,60","R$ 17,10","R$ 2,50"
263,STBP3,"R$ 11,72","R$ 14,22","R$ 2,50"
264,AERI3,"R$ 0,55","R$ 3,03","R$ 2,48"
265,HYPE3,"R$ 34,15","R$ 31,68","R$ 2,47"
266,ENJU3,"R$ 1,69","R$ -0,78","R$ 2,47"
267,BIDI3,"R$ 3,40","R$ 5,87","R$ 2,47"
268,BIDI4,"R$ 3,41","R$ 5,87","R$ 2,46"
269,OGXP3,"R$ 1,63","R$ -0,81","R$ 2,44"
270,RPMG3,"R$ 2,10","R$ -0,30","R$ 2,40"
271,RAPT3,"R$ 11,40","R$ 13,80","R$ 2,40"
272,CEED3,"R$ 22,90","R$ 20,50","R$ 2,40"
273,CTKA3,"R$ 17,30","R$ 14,92","R$ 2,38"
274,BRIV4,"R$ 12,50","R$ 10,13","R$ 2,37"
275,VIVT4,"R$ 45,34","R$ 47,70","R$ 2,36"
276,OSXB3,"R$ 4,45","R$ 6,77","R$ 2,32"
277,CNSY3,"R$ 30,22","R$ 32,53","R$ 2,31"
278,MLAS3,"R$ 2,10","R$ -0,20","R$ 2,30"
279,RNEW11,"R$ 3,62","R$ 1,32","R$ 2,30"
280,JFEN3,"R$ 1,68","R$ -0,62","R$ 2,30"
281,BRIN3,"R$ 39,15","R$ 41,45","R$ 2,30"
282,DTCY4,"R$ 62,60","R$ 60,31","R$ 2,29"
283,MGEL3,"R$ 19,13","R$ 21,42","R$ 2,29"
284,MERC4,"R$ 8,05","R$ 5,76","R$ 2,29"
285,CTCA3,"R$ 0,00","R$ -2,29","R$ 2,29"
286,CAMB3,"R$ 10,75","R$ 13,02","R$ 2,27"
287,DEXP4,"R$ 12,27","R$ 14,53","R$ 2,26"
288,FIEI3,"R$ 12,89","R$ 15,13","R$ 2,24"
289,VIVR3,"R$ 3,27","R$ 5,48","R$ 2,21"
290,IGBR3,"R$ 175,99","R$ 173,79","R$ 2,20"
291,EGIE3,"R$ 40,15","R$ 37,95","R$ 2,20"
292,MMXM3,"R$ 14,00","R$ 11,80","R$ 2,20"
293,CTNM4,"R$ 1,25","R$ 3,45","R$ 2,20"
294,CALI4,"R$ 50,00","R$ 47,81","R$ 2,19"
295,AHEB3,"R$ 16,10","R$ 13,92","R$ 2,18"
296,FIGE3,"R$ 11,99","R$ 14,17","R$ 2,18"
297,ALUP11,"R$ 30,45","R$ 28,27","R$ 2,18"
298,NEOE3,"R$ 20,80","R$ 22,97","R$ 2,17"
299,CPLE5,"R$ 21,99","R$ 24,16","R$ 2,17"
300,PMAM3,"R$ 3,62","R$ 1,47","R$ 2,15"
301,EUCA3,"R$ 17,00","R$ 19,15","R$ 2,15"
302,CMIG3,"R$ 13,40","R$ 15,54","R$ 2,14"
303,COCE3,"R$ 50,99","R$ 48,85","R$ 2,14"
304,BBAS3,"R$ 56,91","R$ 54,78","R$ 2,13"
305,MATD3,"R$ 6,17","R$ 8,27","R$ 2,10"
306,GOAU3,"R$ 10,07","R$ 12,16","R$ 2,09"
307,SLED3,"R$ 3,21","R$ 5,29","R$ 2,08"
308,MRSA6B,"R$ 24,48","R$ 26,56","R$ 2,08"
309,AZEV3,"R$ 1,30","R$ 3,37","R$ 2,07"
310,HGTX3,"R$ 37,50","R$ 35,43","R$ 2,07"
311,CSMG3,"R$ 20,18","R$ 22,24","R$ 2,06"
312,BMIN4,"R$ 16,30","R$ 18,36","R$ 2,06"
313,EQPA5,"R$ 7,50","R$ 9,56","R$ 2,06"
314,SUZB3,"R$ 60,67","R$ 58,63","R$ 2,04"
315,ELMD3,"R$ 15,76","R$ 13,72","R$ 2,04"
316,LAVV3,"R$ 9,16","R$ 11,20","R$ 2,04"
317,LIPR3,"R$ 68,01","R$ 66,00","R$ 2,01"
318,CESP5,"R$ 25,00","R$ 27,01","R$ 2,01"
319,BPAC11,"R$ 36,27","R$ 34,26","R$ 2,01"
320,TKNO3,"R$ 69,63","R$ 67,62","R$ 2,01"
321,ELEK4,"R$ 36,99","R$ 39,00","R$ 2,01"
322,NAFG3,"R$ 64,37","R$ 62,37","R$ 2,00"
323,ENGI4,"R$ 8,11","R$ 10,09","R$ 1,98"
324,LWSA3,"R$ 5,65","R$ 3,68","R$ 1,97"
325,CALI3,"R$ 21,02","R$ 22,99","R$ 1,97"
326,ELET6,"R$ 47,52","R$ 45,56","R$ 1,96"
327,TASA4,"R$ 13,86","R$ 11,92","R$ 1,94"
328,SOMA3,"R$ 7,02","R$ 8,94","R$ 1,92"
329,RDOR3,"R$ 25,07","R$ 23,15","R$ 1,92"
330,BRKM6,"R$ 15,85","R$ 17,76","R$ 1,91"
331,SULA3,"R$ 7,43","R$ 9,34","R$ 1,91"
332,BBDC3,"R$ 12,50","R$ 14,41","R$ 1,91"
333,EALT4,"R$ 10,90","R$ 8,99","R$ 1,91"
334,BRFS3,"R$ 16,52","R$ 14,63","R$ 1,89"
335,BMOB3,"R$ 13,16","R$ 15,04","R$ 1,88"
336,VAMO3,"R$ 8,28","R$ 6,40","R$ 1,88"
337,VIVT3,"R$ 52,55","R$ 50,68","R$ 1,87"
338,IDVL3,"R$ 2,16","R$ 4,03","R$ 1,87"
339,ABEV3,"R$ 12,63","R$ 14,49","R$ 1,86"
340,TELB4,"R$ 10,70","R$ 12,55","R$ 1,85"
341,PCAR4,"R$ 72,11","R$ 70,27","R$ 1,84"
342,VVEO3,"R$ 7,46","R$ 9,28","R$ 1,82"
343,TKNO4,"R$ 68,00","R$ 66,18","R$ 1,82"
344,RADL3,"R$ 27,35","R$ 25,54","R$ 1,81"
345,CORR3,"R$ 2,71","R$ 4,52","R$ 1,81"
346,BEES4,"R$ 9,81","R$ 11,61","R$ 1,80"
347,MOAR3,"R$ 390,00","R$ 388,21","R$ 1,79"
348,BSLI4,"R$ 11,15","R$ 12,94","R$ 1,79"
349,SULA4,"R$ 7,63","R$ 9,41","R$ 1,78"
350,JHSF3,"R$ 4,31","R$ 6,09","R$ 1,78"
351,CTNM3,"R$ 8,40","R$ 10,18","R$ 1,78"
352,BMKS3,"R$ 365,00","R$ 363,23","R$ 1,77"
353,INEP4,"R$ 2,72","R$ 0,95","R$ 1,77"
354,EKTR4,"R$ 40,35","R$ 42,12","R$ 1,77"
355,IDVL4,"R$ 2,67","R$ 4,43","R$ 1,76"
356,PETR3,"R$ 36,44","R$ 38,17","R$ 1,73"
357,SOJA3,"R$ 17,65","R$ 19,38","R$ 1,73"
358,BTTL4,"R$ 11.091,73","R$ 11.090,00","R$ 1,73"
359,ANDG4B,"R$ 0,00","R$ -1,73","R$ 1,73"
360,CSAB4,"R$ 48,97","R$ 47,27","R$ 1,70"
361,WEST3,"R$ 1,17","R$ 2,86","R$ 1,69"
362,ARML3,"R$ 13,06","R$ 11,37","R$ 1,69"
363,CURY3,"R$ 20,57","R$ 18,89","R$ 1,68"
364,MODL4,"R$ 2,72","R$ 4,40","R$ 1,68"
365,BRPR3,"R$ 131,17","R$ 129,50","R$ 1,67"
366,AFLT3,"R$ 7,15","R$ 8,78","R$ 1,63"
367,CPRE3,"R$ 18,23","R$ 19,85","R$ 1,62"
368,BRBI3,"R$ 0,00","R$ 1,61","R$ 1,61"
369,BRBI4,"R$ 0,00","R$ 1,61","R$ 1,61"
370,SLCE3,"R$ 18,88","R$ 20,48","R$ 1,60"
371,AMER3,"R$ 0,53","R$ -1,05","R$ 1,58"
372,BEEF3,"R$ 7,01","R$ 8,59","R$ 1,58"
373,BOAS3,"R$ 7,95","R$ 9,53","R$ 1,58"
374,ECPR4,"R$ 90,74","R$ 89,16","R$ 1,58"
375,BRQB3,"R$ 0,00","R$ 1,56","R$ 1,56"
376,PSSA3,"R$ 30,60","R$ 29,04","R$ 1,56"
377,CSRN5,"R$ 23,21","R$ 24,77","R$ 1,56"
378,TFCO4,"R$ 12,92","R$ 14,47","R$ 1,55"
379,BPAC5,"R$ 9,27","R$ 10,81","R$ 1,54"
380,PEAB3,"R$ 40,00","R$ 41,54","R$ 1,54"
381,RNEW4,"R$ 1,19","R$ 2,71","R$ 1,52"
382,MEAL3,"R$ 2,13","R$ 3,64","R$ 1,51"
383,DMMO3,"R$ 1,76","R$ 3,26","R$ 1,50"
384,CPFE3,"R$ 33,38","R$ 31,88","R$ 1,50"
385,MTIG3,"R$ 0,00","R$ 1,49","R$ 1,49"
386,ENEV3,"R$ 12,63","R$ 14,12","R$ 1,49"
387,BRIV3,"R$ 12,82","R$ 11,34","R$ 1,48"
388,FRTA3,"R$ 1,38","R$ 2,85","R$ 1,47"
389,CRPG6,"R$ 35,78","R$ 34,31","R$ 1,47"
390,CSNA3,"R$ 15,20","R$ 13,74","R$ 1,46"
391,CLSC3,"R$ 63,03","R$ 61,58","R$ 1,45"
392,RANI4,"R$ 5,50","R$ 6,95","R$ 1,45"
393,MILS3,"R$ 12,78","R$ 14,22","R$ 1,44"
394,EALT3,"R$ 10,29","R$ 11,73","R$ 1,44"
395,VBBR3,"R$ 25,02","R$ 23,59","R$ 1,43"
396,TCNO3,"R$ 1,20","R$ -0,23","R$ 1,43"
397,NUTR3,"R$ 6,70","R$ 8,13","R$ 1,43"
398,EQTL3,"R$ 33,14","R$ 34,55","R$ 1,41"
399,NAFG4,"R$ 19,02","R$ 20,43","R$ 1,41"
400,CEPE6,"R$ 43,00","R$ 44,41","R$ 1,41"
401,DOHL3,"R$ 6,51","R$ 5,11","R$ 1,40"
402,BRSR3,"R$ 14,56","R$ 15,96","R$ 1,40"
403,MTSA3,"R$ 78,40","R$ 77,01","R$ 1,39"
404,RAIZ4,"R$ 3,48","R$ 4,87","R$ 1,39"
405,VULC3,"R$ 18,20","R$ 16,81","R$ 1,39"
406,USIM5,"R$ 9,78","R$ 8,40","R$ 1,38"
407,BDLL4,"R$ 7,70","R$ 9,08","R$ 1,38"
408,ALSC3,"R$ 27,75","R$ 26,37","R$ 1,38"
409,BLUT3,"R$ 5,14","R$ 6,51","R$ 1,37"
410,TIET11,"R$ 12,54","R$ 13,91","R$ 1,37"
411,DOTZ3,"R$ 6,25","R$ 4,89","R$ 1,36"
412,ALUP4,"R$ 9,97","R$ 11,33","R$ 1,36"
413,SANB11,"R$ 28,53","R$ 27,17","R$ 1,36"
414,CSAN3,"R$ 16,38","R$ 15,03","R$ 1,35"
415,PLAS3,"R$ 9,51","R$ 8,16","R$ 1,35"
416,ANDG3B,"R$ 28,82","R$ 27,48","R$ 1,34"
417,LUPA3,"R$ 1,96","R$ 0,62","R$ 1,34"
418,TXRX3,"R$ 7,90","R$ 6,56","R$ 1,34"
419,TOYB3,"R$ 2,29","R$ 3,63","R$ 1,34"
420,SYNE3,"R$ 8,65","R$ 9,98","R$ 1,33"
421,KLBN3,"R$ 4,64","R$ 3,32","R$ 1,32"
422,CEBR5,"R$ 18,60","R$ 19,91","R$ 1,31"
423,CEDO4,"R$ 28,00","R$ 26,70","R$ 1,30"
424,CEDO3,"R$ 28,00","R$ 26,70","R$ 1,30"
425,PATI4,"R$ 32,00","R$ 33,30","R$ 1,30"
426,SCAR3,"R$ 25,06","R$ 26,34","R$ 1,28"
427,HBSA3,"R$ 3,50","R$ 4,77","R$ 1,27"
428,ECPR3,"R$ 90,25","R$ 89,00","R$ 1,25"
429,UGPA3,"R$ 28,47","R$ 27,22","R$ 1,25"
430,PPLA11,"R$ 3,52","R$ 4,75","R$ 1,23"
431,CEED4,"R$ 22,00","R$ 20,77","R$ 1,23"
432,LTEL3B,"R$ 86,61","R$ 85,38","R$ 1,23"
433,TAEE4,"R$ 11,82","R$ 10,60","R$ 1,22"
434,RAPT4,"R$ 12,02","R$ 13,22","R$ 1,20"
435,LAND3,"R$ 18,70","R$ 19,88","R$ 1,18"
436,TGMA3,"R$ 28,72","R$ 29,90","R$ 1,18"
437,LREN3,"R$ 15,30","R$ 16,48","R$ 1,18"
438,LPSB3,"R$ 2,10","R$ 0,92","R$ 1,18"
439,CGAS3,"R$ 101,99","R$ 100,82","R$ 1,17"
440,CGRA3,"R$ 25,30","R$ 26,47","R$ 1,17"
441,LAME3,"R$ 6,60","R$ 5,43","R$ 1,17"
442,SAPR3,"R$ 5,02","R$ 6,12","R$ 1,10"
443,GEPA3,"R$ 25,57","R$ 24,47","R$ 1,10"
444,BMGB4,"R$ 3,66","R$ 4,76","R$ 1,10"
445,TEND3,"R$ 11,94","R$ 10,84","R$ 1,10"
446,SOND6,"R$ 50,00","R$ 51,09","R$ 1,09"
447,EQPA7,"R$ 7,51","R$ 8,59","R$ 1,08"
448,PRIO3,"R$ 47,58","R$ 46,50","R$ 1,08"
449,BOBR4,"R$ 2,27","R$ 3,35","R$ 1,08"
450,BRSR6,"R$ 14,90","R$ 13,82","R$ 1,08"
451,GEPA4,"R$ 27,00","R$ 25,95","R$ 1,05"
452,TRPL3,"R$ 34,05","R$ 35,10","R$ 1,05"
453,DASA3,"R$ 7,39","R$ 6,34","R$ 1,05"
454,TAEE3,"R$ 11,74","R$ 10,70","R$ 1,04"
455,LINX3,"R$ 37,40","R$ 36,36","R$ 1,04"
456,CEEB5,"R$ 36,86","R$ 37,90","R$ 1,04"
457,BBDC4,"R$ 14,11","R$ 15,15","R$ 1,04"
458,TECN3,"R$ 3,82","R$ 2,79","R$ 1,03"
459,PARD3,"R$ 20,25","R$ 21,27","R$ 1,02"
460,ITSA4,"R$ 10,68","R$ 11,70","R$ 1,02"
461,MRSA3B,"R$ 28,00","R$ 29,02","R$ 1,02"
462,ALUP3,"R$ 10,25","R$ 11,27","R$ 1,02"
463,CESP3,"R$ 25,55","R$ 26,56","R$ 1,01"
464,NEMO5,"R$ 52,97","R$ 51,96","R$ 1,01"
465,EVEN3,"R$ 8,39","R$ 9,40","R$ 1,01"
466,MAPT4,"R$ 6,40","R$ 5,40","R$ 1,00"
467,UNIP3,"R$ 62,18","R$ 63,18","R$ 1,00"
468,COCE5,"R$ 36,41","R$ 35,42","R$ 0,99"
469,GSHP3,"R$ 11,50","R$ 10,52","R$ 0,98"
470,TASA3,"R$ 13,81","R$ 12,83","R$ 0,98"
471,ROMI3,"R$ 12,76","R$ 13,74","R$ 0,98"
472,GGBR3,"R$ 18,90","R$ 19,88","R$ 0,98"
473,CESP6,"R$ 25,25","R$ 26,22","R$ 0,97"
474,ENBR3,"R$ 24,08","R$ 23,11","R$ 0,97"
475,RSID3,"R$ 3,64","R$ 2,69","R$ 0,95"
476,AURA33,"R$ 33,21","R$ 34,16","R$ 0,95"
477,ITUB3,"R$ 29,64","R$ 28,70","R$ 0,94"
478,BLAU3,"R$ 11,86","R$ 10,93","R$ 0,93"
479,CORR4,"R$ 82,00","R$ 82,93","R$ 0,93"
480,LAME4,"R$ 6,57","R$ 5,64","R$ 0,93"
481,ELPL3,"R$ 8,31","R$ 9,24","R$ 0,93"
482,DOHL4,"R$ 4,80","R$ 5,73","R$ 0,93"
483,RCSL4,"R$ 0,66","R$ 1,59","R$ 0,93"
484,EMBR3,"R$ 29,10","R$ 28,18","R$ 0,92"
485,PCAR3,"R$ 3,08","R$ 4,00","R$ 0,92"
486,NRTQ3,"R$ 0,00","R$ -0,91","R$ 0,91"
487,RLOG3,"R$ 23,08","R$ 23,99","R$ 0,91"
488,SIMH3,"R$ 7,70","R$ 8,60","R$ 0,90"
489,DMVF3,"R$ 6,36","R$ 5,46","R$ 0,90"
490,ESTR3,"R$ 7,60","R$ 8,50","R$ 0,90"
491,WLMM4,"R$ 25,80","R$ 24,91","R$ 0,89"
492,ENGI3,"R$ 15,05","R$ 14,17","R$ 0,88"
493,PTNT3,"R$ 13,00","R$ 13,87","R$ 0,87"
494,CYRE3,"R$ 24,53","R$ 25,40","R$ 0,87"
495,EUCA4,"R$ 17,30","R$ 18,16","R$ 0,86"
496,EPAR3,"R$ 8,58","R$ 9,44","R$ 0,86"
497,MWET3,"R$ 13,30","R$ 14,15","R$ 0,85"
498,ABCB4,"R$ 24,59","R$ 23,77","R$ 0,82"
499,CEEB3,"R$ 38,02","R$ 37,20","R$ 0,82"
500,ITUB4,"R$ 34,37","R$ 35,17","R$ 0,80"
501,ESTR4,"R$ 2,17","R$ 1,37","R$ 0,80"
502,TIET3,"R$ 3,49","R$ 4,29","R$ 0,80"
503,CSRN3,"R$ 23,10","R$ 23,89","R$ 0,79"
504,TIET4,"R$ 3,51","R$ 4,29","R$ 0,78"
505,TIMS3,"R$ 18,62","R$ 19,40","R$ 0,78"
506,CPLE3,"R$ 8,97","R$ 9,74","R$ 0,77"
507,CMSA3,"R$ 0,00","R$ 0,76","R$ 0,76"
508,CMSA4,"R$ 0,00","R$ 0,76","R$ 0,76"
509,POWE3,"R$ 10,90","R$ 11,66","R$ 0,76"
510,CCRO3,"R$ 13,98","R$ 13,24","R$ 0,74"
511,APER3,"R$ 41,08","R$ 40,34","R$ 0,74"
512,BMIN3,"R$ 20,01","R$ 20,74","R$ 0,73"
513,CPLE6,"R$ 9,87","R$ 10,60","R$ 0,73"
514,ITSA3,"R$ 10,73","R$ 11,45","R$ 0,72"
515,FLRY3,"R$ 14,93","R$ 15,65","R$ 0,72"
516,CEBR3,"R$ 18,70","R$ 19,41","R$ 0,71"
517,SEQL3,"R$ 0,39","R$ 1,09","R$ 0,70"
518,HOOT4,"R$ 2,86","R$ 2,17","R$ 0,69"
519,TRPN3,"R$ 0,71","R$ 0,04","R$ 0,67"
520,MERC3,"R$ 15,28","R$ 15,95","R$ 0,67"
521,CMIN3,"R$ 5,44","R$ 6,10","R$ 0,66"
522,ONCO3,"R$ 10,00","R$ 9,34","R$ 0,66"
523,FLEX3,"R$ 0,00","R$ -0,66","R$ 0,66"
524,CVCB3,"R$ 3,38","R$ 4,03","R$ 0,65"
525,HBOR3,"R$ 2,80","R$ 3,44","R$ 0,64"
526,TOYB4,"R$ 2,50","R$ 3,14","R$ 0,64"
527,ATMP3,"R$ 2,66","R$ 3,29","R$ 0,63"
528,SAPR4,"R$ 5,18","R$ 5,79","R$ 0,61"
529,FBMC3,"R$ 0,00","R$ 0,60","R$ 0,60"
530,MODL11,"R$ 8,46","R$ 7,86","R$ 0,60"
531,CRFB3,"R$ 12,33","R$ 12,91","R$ 0,58"
532,YDUQ3,"R$ 19,03","R$ 19,61","R$ 0,58"
533,CEBR6,"R$ 18,72","R$ 19,29","R$ 0,57"
534,GNDI3,"R$ 66,95","R$ 66,38","R$ 0,57"
535,RCSL3,"R$ 1,60","R$ 1,03","R$ 0,57"
536,BPAN4,"R$ 8,79","R$ 8,22","R$ 0,57"
537,OFSA3,"R$ 23,25","R$ 22,68","R$ 0,57"
538,FIGE4,"R$ 0,00","R$ 0,56","R$ 0,56"
539,AZEV4,"R$ 1,25","R$ 1,80","R$ 0,55"
540,UNIP5,"R$ 70,00","R$ 69,48","R$ 0,52"
541,GETT3,"R$ 2,40","R$ 2,91","R$ 0,51"
542,GETT4,"R$ 2,40","R$ 2,91","R$ 0,51"
543,FBMC4,"R$ 1,96","R$ 2,47","R$ 0,51"
544,BBML3,"R$ 3.936,42","R$ 3.935,91","R$ 0,51"
545,CRIV4,"R$ 6,71","R$ 7,21","R$ 0,50"
546,VIVA3,"R$ 30,70","R$ 31,20","R$ 0,50"
547,TCNO4,"R$ 0,85","R$ 0,35","R$ 0,50"
548,BSLI3,"R$ 11,76","R$ 12,25","R$ 0,49"
549,ALLD3,"R$ 7,16","R$ 7,65","R$ 0,49"
550,PETZ3,"R$ 4,35","R$ 4,81","R$ 0,46"
551,RPAD5,"R$ 8,15","R$ 8,61","R$ 0,46"
552,PNVL4,"R$ 18,62","R$ 18,16","R$ 0,46"
553,NEMO6,"R$ 0,00","R$ 0,46","R$ 0,46"
554,NEMO3,"R$ 0,00","R$ 0,46","R$ 0,46"
555,DEXP3,"R$ 12,25","R$ 11,79","R$ 0,46"
556,JSLG3,"R$ 11,90","R$ 12,35","R$ 0,45"
557,JALL3,"R$ 7,65","R$ 8,10","R$ 0,45"
558,SEER3,"R$ 6,34","R$ 5,89","R$ 0,45"
559,BMEB4,"R$ 25,11","R$ 25,55","R$ 0,44"
560,PORT3,"R$ 18,20","R$ 17,76","R$ 0,44"
561,KLBN4,"R$ 4,66","R$ 4,22","R$ 0,44"
562,IFCM3,"R$ 1,13","R$ 1,57","R$ 0,44"
563,STKF3,"R$ 0,00","R$ -0,44","R$ 0,44"
564,SPRT3B,"R$ 76,40","R$ 75,96","R$ 0,44"
565,RPAD3,"R$ 8,40","R$ 8,84","R$ 0,44"
566,EQPA3,"R$ 8,15","R$ 8,59","R$ 0,44"
567,RANI3,"R$ 8,99","R$ 9,43","R$ 0,44"
568,ATOM3,"R$ 1,91","R$ 2,34","R$ 0,43"
569,TEKA4,"R$ 40,95","R$ 40,52","R$ 0,43"
570,SLED4,"R$ 1,60","R$ 2,01","R$ 0,41"
571,GOAU4,"R$ 9,70","R$ 9,29","R$ 0,41"
572,PTCA3,"R$ 0,00","R$ -0,41","R$ 0,41"
573,PTCA11,"R$ 0,00","R$ -0,41","R$ 0,41"
574,SULA11,"R$ 22,25","R$ 21,85","R$ 0,40"
575,USIM6,"R$ 16,90","R$ 17,29","R$ 0,39"
576,HBRE3,"R$ 5,40","R$ 5,02","R$ 0,38"
577,EQPA6,"R$ 9,00","R$ 9,37","R$ 0,37"
578,SOND5,"R$ 50,65","R$ 51,01","R$ 0,36"
579,LJQQ3,"R$ 5,95","R$ 5,59","R$ 0,36"
580,ELET3,"R$ 43,07","R$ 42,71","R$ 0,36"
581,CAML3,"R$ 8,63","R$ 8,27","R$ 0,36"
582,AMBP3,"R$ 15,48","R$ 15,83","R$ 0,35"
583,CSUD3,"R$ 19,61","R$ 19,95","R$ 0,34"
584,MTRE3,"R$ 4,84","R$ 5,18","R$ 0,34"
585,AURE3,"R$ 11,94","R$ 11,61","R$ 0,33"
586,VALE3,"R$ 59,42","R$ 59,73","R$ 0,31"
587,KRSA3,"R$ 0,91","R$ 0,61","R$ 0,30"
588,EKTR3,"R$ 50,00","R$ 49,72","R$ 0,28"
589,PTNT4,"R$ 7,80","R$ 7,53","R$ 0,27"
590,BAZA3,"R$ 94,92","R$ 95,18","R$ 0,26"
591,MULT3,"R$ 25,80","R$ 25,54","R$ 0,26"
592,GGBR4,"R$ 20,76","R$ 20,51","R$ 0,25"
593,BPAC3,"R$ 17,50","R$ 17,74","R$ 0,24"
594,BFRE12,"R$ 0,00","R$ -0,21","R$ 0,21"
595,BFRE11,"R$ 0,00","R$ -0,21","R$ 0,21"
596,BMEB3,"R$ 25,01","R$ 24,81","R$ 0,20"
597,SGPS3,"R$ 0,88","R$ 0,69","R$ 0,19"
598,AGXY3,"R$ 1,67","R$ 1,49","R$ 0,18"
599,CAMB4,"R$ 6,25","R$ 6,42","R$ 0,17"
600,TRPL4,"R$ 24,40","R$ 24,56","R$ 0,16"
601,MOVI3,"R$ 9,06","R$ 9,22","R$ 0,16"
602,CGRA4,"R$ 26,04","R$ 26,18","R$ 0,14"
603,FESA4,"R$ 8,55","R$ 8,41","R$ 0,14"
604,SMLS3,"R$ 22,40","R$ 22,27","R$ 0,13"
605,WHRL3,"R$ 4,53","R$ 4,40","R$ 0,13"
606,BAHI3,"R$ 6,44","R$ 6,31","R$ 0,13"
607,RENT3,"R$ 52,79","R$ 52,91","R$ 0,12"
608,HBTS5,"R$ 38,79","R$ 38,68","R$ 0,11"
609,USIM3,"R$ 9,37","R$ 9,48","R$ 0,11"
610,ENAT3,"R$ 28,00","R$ 28,11","R$ 0,11"
611,CIEL3,"R$ 5,27","R$ 5,36","R$ 0,09"
612,RNEW3,"R$ 1,20","R$ 1,12","R$ 0,08"
613,RPAD6,"R$ 8,97","R$ 8,90","R$ 0,07"
614,DMMO11,"R$ 0,34","R$ 0,40","R$ 0,06"
615,FRAS3,"R$ 17,59","R$ 17,55","R$ 0,04"
616,IGTI11,"R$ 23,64","R$ 23,62","R$ 0,02"
617,BHIA3,"R$ 7,41","R$ 7,42","R$ 0,01"
618,GPIV33,"R$ 3,59","R$ 3,59","R$ 0,00"
619,BRIT3,"R$ 3,53","R$ 3,53","R$ 0,00"
